isolateID,genus_C,species_C,,Isolate_ID,Combined
BJ-S1-D10-1-APC-1-1,Pseudomonas,baetica_jessenii,,EP01,BJ-S1-D10-1-APC-1-1_Pseudomonas_baetica_jessenii
BJ-S1-D10-1-APC-1-2,Microbacterium,foliorum_hydrocarbonoxydans_liquefaciens_oxydans_phyllosphaerae,,EP02,BJ-S1-D10-1-APC-1-2_Microbacterium_foliorum_hydrocarbonoxydans_liquefaciens_oxydans_phyllosphaerae
BJ-S1-D10-1-APC-2-1,Sphingobacterium,kitahiroshimense,,EP03,BJ-S1-D10-1-APC-2-1_Sphingobacterium_kitahiroshimense
BJ-S1-D10-1-APC-2-2,Microbacterium,foliorum_hydrocarbonoxydans_liquefaciens_oxydans_phyllosphaerae,,EP04,BJ-S1-D10-1-APC-2-2_Microbacterium_foliorum_hydrocarbonoxydans_liquefaciens_oxydans_phyllosphaerae
BJ-S1-D10-1-BHI-1-1,Atlantibacter,hermannii,,EH01,BJ-S1-D10-1-BHI-1-1_Atlantibacter_hermannii
BJ-S1-D10-1-BHI-1-2,Stenotrophomonas,humi_maltophilia_pavanii,,EH02,BJ-S1-D10-1-BHI-1-2_Stenotrophomonas_humi_maltophilia_pavanii
BJ-S1-D10-1-BHI-1-3,Pseudomonas,kilonensis,,EH03,BJ-S1-D10-1-BHI-1-3_Pseudomonas_kilonensis
BJ-S1-D10-1-BHI-1-4,Pseudomonas,alcaliphila_chengduensis,,EH04,BJ-S1-D10-1-BHI-1-4_Pseudomonas_alcaliphila_chengduensis
BJ-S1-D10-1-BHI-1-5,Erwinia,aphidicola_persicina,,EH05,BJ-S1-D10-1-BHI-1-5_Erwinia_aphidicola_persicina
BJ-S1-D10-1-BHI-1-6,Microbacterium,foliorum_hydrocarbonoxydans_liquefaciens_oxydans_phyllosphaerae,,EH06,BJ-S1-D10-1-BHI-1-6_Microbacterium_foliorum_hydrocarbonoxydans_liquefaciens_oxydans_phyllosphaerae
BJ-S1-D10-1-BHI-2-1,Pseudomonas,baetica_jessenii_umsongensis,,EH08,BJ-S1-D10-1-BHI-2-1_Pseudomonas_baetica_jessenii_umsongensis
BJ-S1-D10-1-BHI-2-2,Pseudomonas,kilonensis,,EH09,BJ-S1-D10-1-BHI-2-2_Pseudomonas_kilonensis
BJ-S1-D10-1-BHI-2-3,Stenotrophomonas,tumulicola,,EH10,BJ-S1-D10-1-BHI-2-3_Stenotrophomonas_tumulicola
BJ-S1-D10-1-BHI-2-4,Erwinia,aphidicola_persicina,,EH11,BJ-S1-D10-1-BHI-2-4_Erwinia_aphidicola_persicina
BJ-S1-D10-1-BHI-2-5,Atlantibacter,hermannii,,EH12,BJ-S1-D10-1-BHI-2-5_Atlantibacter_hermannii
BJ-S1-D10-1-BHI-2-6,Pantoea,agglomerans,,EH13,BJ-S1-D10-1-BHI-2-6_Pantoea_agglomerans
BJ-S1-D10-1-BHI-2-7,Flavobacterium,ummariense,,EH14,BJ-S1-D10-1-BHI-2-7_Flavobacterium_ummariense
BJ-S1-D10-1-BHI-2-8,Microbacterium,foliorum_hydrocarbonoxydans_liquefaciens_oxydans_phyllosphaerae,,EH15,BJ-S1-D10-1-BHI-2-8_Microbacterium_foliorum_hydrocarbonoxydans_liquefaciens_oxydans_phyllosphaerae
BJ-S1-D10-1-GN-1-1,Pseudomonas,corrugata,,EG24,BJ-S1-D10-1-GN-1-1_Pseudomonas_corrugata
BJ-S1-D10-1-GN-1-2,Pseudomonas,baetica_jessenii,,EG25,BJ-S1-D10-1-GN-1-2_Pseudomonas_baetica_jessenii
BJ-S1-D10-1-GN-2-1,Pseudomonas,baetica_jessenii,,EG26,BJ-S1-D10-1-GN-2-1_Pseudomonas_baetica_jessenii
BJ-S1-D10-1-GN-2-2,Pseudomonas,kilonensis,,EG27,BJ-S1-D10-1-GN-2-2_Pseudomonas_kilonensis
BJ-S1-D10-2-APC-1-1,Pantoea,anthophila_stewartii,,EP05,BJ-S1-D10-2-APC-1-1_Pantoea_anthophila_stewartii
BJ-S1-D10-2-APC-1-1,Pantoea,agglomerans,,EP09,BJ-S1-D10-2-APC-1-1_Pantoea_agglomerans
BJ-S1-D10-2-APC-1-2,Pseudomonas,corrugata_kilonensis,,EP06,BJ-S1-D10-2-APC-1-2_Pseudomonas_corrugata_kilonensis
BJ-S1-D10-2-APC-2-1,Rheinheimera,hassiensis,,EP07,BJ-S1-D10-2-APC-2-1_Rheinheimera_hassiensis
BJ-S1-D10-2-APC-2-2,Pseudomonas,kilonensis,,EP08,BJ-S1-D10-2-APC-2-2_Pseudomonas_kilonensis
BJ-S1-D10-2-BHI-1-1,Pantoea,anthophila_stewartii,,EH16,BJ-S1-D10-2-BHI-1-1_Pantoea_anthophila_stewartii
BJ-S1-D10-2-BHI-1-2,Serratia,aquatilis,,EH17,BJ-S1-D10-2-BHI-1-2_Serratia_aquatilis
BJ-S1-D10-2-BHI-1-3,Pseudomonas,flavescens,,EH18,BJ-S1-D10-2-BHI-1-3_Pseudomonas_flavescens
BJ-S1-D10-2-BHI-1-4,Pseudomonas,kilonensis,,EH19,BJ-S1-D10-2-BHI-1-4_Pseudomonas_kilonensis
BJ-S1-D10-2-BHI-1-5,Erwinia,persicina_rhapontici,,EH20,BJ-S1-D10-2-BHI-1-5_Erwinia_persicina_rhapontici
BJ-S1-D10-2-BHI-1-6,Glutamicibacter,mysorens,,EH21,BJ-S1-D10-2-BHI-1-6_Glutamicibacter_mysorens
BJ-S1-D10-2-BHI-1-7,Sanguibacter,inulinus_suarezii,,EH22,BJ-S1-D10-2-BHI-1-7_Sanguibacter_inulinus_suarezii
BJ-S1-D10-2-BHI-1-8,Pseudarthrobacter,polychromogenes,,EH23,BJ-S1-D10-2-BHI-1-8_Pseudarthrobacter_polychromogenes
BJ-S1-D10-2-BHI-2-1,Pseudomonas,alcaliphila,,EH24,BJ-S1-D10-2-BHI-2-1_Pseudomonas_alcaliphila
BJ-S1-D10-2-BHI-2-2,Pseudomonas,punonensis,,EH25,BJ-S1-D10-2-BHI-2-2_Pseudomonas_punonensis
BJ-S1-D10-2-BHI-2-3,Pseudomonas,punonensis,,EH26,BJ-S1-D10-2-BHI-2-3_Pseudomonas_punonensis
BJ-S1-D10-2-BHI-2-4,Pseudomonas,lurida_poae,,EH27,BJ-S1-D10-2-BHI-2-4_Pseudomonas_lurida_poae
BJ-S1-D10-2-BHI-2-6,Stenotrophomonas,tumulicola,,EH29,BJ-S1-D10-2-BHI-2-6_Stenotrophomonas_tumulicola
BJ-S1-D10-2-BHI-2-7,Pseudomonas,kilonensis,,EH30,BJ-S1-D10-2-BHI-2-7_Pseudomonas_kilonensis
BJ-S1-D10-2-BHI-2-8,Pseudomonas,baetica_jessenii,,EH31,BJ-S1-D10-2-BHI-2-8_Pseudomonas_baetica_jessenii
BJ-S1-D10-2-BHI-2-9,Pantoea,stewartii,,EH32,BJ-S1-D10-2-BHI-2-9_Pantoea_stewartii
BJ-S1-D10-2-GN-1-1,Pseudomonas,corrugata_kilonensis,,EG28,BJ-S1-D10-2-GN-1-1_Pseudomonas_corrugata_kilonensis
BJ-S1-D10-2-GN-1-2,Pantoea,stewartii,,EG29,BJ-S1-D10-2-GN-1-2_Pantoea_stewartii
BJ-S1-D10-2-GN-2-1,Pseudomonas,kilonensis,,EG30,BJ-S1-D10-2-GN-2-1_Pseudomonas_kilonensis
BJ-S1-D10-2-GN-2-2,Pseudomonas,kilonensis,,EG31,BJ-S1-D10-2-GN-2-2_Pseudomonas_kilonensis
BJ-S1-D10-3-APC-1-2,Pantoea,agglomerans,,EP10,BJ-S1-D10-3-APC-1-2_Pantoea_agglomerans
BJ-S1-D10-3-APC-2-1,Atlantibacter,hermannii,,EP11,BJ-S1-D10-3-APC-2-1_Atlantibacter_hermannii
BJ-S1-D10-3-APC-2-2,Pantoea,agglomerans,,EP12,BJ-S1-D10-3-APC-2-2_Pantoea_agglomerans
BJ-S1-D10-3-BHI-1-1,Erwinia,aphidicola_persicina_rhapontici,,EH33,BJ-S1-D10-3-BHI-1-1_Erwinia_aphidicola_persicina_rhapontici
BJ-S1-D10-3-BHI-1-2,Pantoea,agglomerans,,EH34,BJ-S1-D10-3-BHI-1-2_Pantoea_agglomerans
BJ-S1-D10-3-BHI-1-4,Pseudomonas,kilonensis,,EH36,BJ-S1-D10-3-BHI-1-4_Pseudomonas_kilonensis
BJ-S1-D10-3-BHI-1-5,Atlantibacter,hermannii,,EH37,BJ-S1-D10-3-BHI-1-5_Atlantibacter_hermannii
BJ-S1-D10-3-BHI-1-6,Agrobacterium,larrymoorei,,EH38,BJ-S1-D10-3-BHI-1-6_Agrobacterium_larrymoorei
BJ-S1-D10-3-BHI-2-1,Pantoea,agglomerans,,EH39,BJ-S1-D10-3-BHI-2-1_Pantoea_agglomerans
BJ-S1-D10-3-BHI-2-2,Erwinia,persicina_rhapontici,,EH40,BJ-S1-D10-3-BHI-2-2_Erwinia_persicina_rhapontici
BJ-S1-D10-3-BHI-2-3,Pseudomonas,punonensis,,EH41,BJ-S1-D10-3-BHI-2-3_Pseudomonas_punonensis
BJ-S1-D10-3-BHI-2-5,Microbacterium,foliorum_hydrocarbonoxydans_liquefaciens_oxydans_phyllosphaerae,,EH43,BJ-S1-D10-3-BHI-2-5_Microbacterium_foliorum_hydrocarbonoxydans_liquefaciens_oxydans_phyllosphaerae
BJ-S1-D10-3-BHI-2-6,Pseudomonas,kilonensis,,EH44,BJ-S1-D10-3-BHI-2-6_Pseudomonas_kilonensis
BJ-S1-D10-3-GN-1-1,Pantoea,agglomerans,,EG32,BJ-S1-D10-3-GN-1-1_Pantoea_agglomerans
BJ-S1-D10-3-GN-1-2,Paraburkholderia,fungorum_insulsa,,EG33,BJ-S1-D10-3-GN-1-2_Paraburkholderia_fungorum_insulsa
BJ-S1-D10-3-GN-2-1,Pantoea,agglomerans,,EG34,BJ-S1-D10-3-GN-2-1_Pantoea_agglomerans
BJ-S1-D10-3-GN-2-2,Atlantibacter,hermannii,,EG35,BJ-S1-D10-3-GN-2-2_Atlantibacter_hermannii
BJ-S1-DI-1-APC-1-1,Pseudomonas,punonensis,,A16,BJ-S1-DI-1-APC-1-1_Pseudomonas_punonensis
BJ-S1-DI-1-APC-1-2,Pseudomonas,flavescens,,A17,BJ-S1-DI-1-APC-1-2_Pseudomonas_flavescens
BJ-S1-DI-1-APC-2-1,Pseudomonas,alcaliphila,,A18,BJ-S1-DI-1-APC-2-1_Pseudomonas_alcaliphila
BJ-S1-DI-1-APC-2-2,Pseudomonas,lurida_poae,,A19,BJ-S1-DI-1-APC-2-2_Pseudomonas_lurida_poae
BJ-S1-DI-1-BHI-1-1,Brevibacterium,permense,,SH43,BJ-S1-DI-1-BHI-1-1_Brevibacterium_permense
BJ-S1-DI-1-BHI-1-2,Pseudomonas,alcaliphila_composti,,B17,BJ-S1-DI-1-BHI-1-2_Pseudomonas_alcaliphila_composti
BJ-S1-DI-1-BHI-1-3,Pseudomonas,rhodesiae,,B15,BJ-S1-DI-1-BHI-1-3_Pseudomonas_rhodesiae
BJ-S1-DI-1-BHI-1-4,Pantoea,vagans,,B02,BJ-S1-DI-1-BHI-1-4_Pantoea_vagans
BJ-S1-DI-1-BHI-1-5,Delftia,lacustris,,B06,BJ-S1-DI-1-BHI-1-5_Delftia_lacustris
BJ-S1-DI-1-BHI-1-6,Pseudomonas,baetica_jessenii,,B07,BJ-S1-DI-1-BHI-1-6_Pseudomonas_baetica_jessenii
BJ-S1-DI-1-BHI-2-1,Pantoea,vagans,,SH44,BJ-S1-DI-1-BHI-2-1_Pantoea_vagans
BJ-S1-DI-1-BHI-2-2,Pseudomonas,punonensis,,B18,BJ-S1-DI-1-BHI-2-2_Pseudomonas_punonensis
BJ-S1-DI-1-BHI-2-3,Pseudomonas,alcaliphila_composti,,B08,BJ-S1-DI-1-BHI-2-3_Pseudomonas_alcaliphila_composti
BJ-S1-DI-1-BHI-2-4,Rheinheimera,hassiensis,,B09,BJ-S1-DI-1-BHI-2-4_Rheinheimera_hassiensis
BJ-S1-DI-1-BHI-2-5,Pseudomonas,kilonensis,,B11,BJ-S1-DI-1-BHI-2-5_Pseudomonas_kilonensis
BJ-S1-DI-1-BHI-2-7,Staphylococcus,vitulinus,,B12,BJ-S1-DI-1-BHI-2-7_Staphylococcus_vitulinus
BJ-S1-DI-1-BHI-2-8,Pseudomonas,kilonensis,,B13,BJ-S1-DI-1-BHI-2-8_Pseudomonas_kilonensis
BJ-S1-DI-1-GN-1-1,Pseudomonas,kilonensis,,B23,BJ-S1-DI-1-GN-1-1_Pseudomonas_kilonensis
BJ-S1-DI-1-GN-1-2,Pseudomonas,rhodesiae,,B22,BJ-S1-DI-1-GN-1-2_Pseudomonas_rhodesiae
BJ-S1-DI-1-GN-2-2,Pseudomonas,corrugata_kilonensis,,A28,BJ-S1-DI-1-GN-2-2_Pseudomonas_corrugata_kilonensis
BJ-S1-DI-2-APC-1-1,Rheinheimera,hassiensis,,A20,BJ-S1-DI-2-APC-1-1_Rheinheimera_hassiensis
BJ-S1-DI-2-APC-1-2,Pseudomonas,lurida_poae,,A15,BJ-S1-DI-2-APC-1-2_Pseudomonas_lurida_poae
BJ-S1-DI-2-APC-2-1,Paenibacillus,nicotianae,,A21,BJ-S1-DI-2-APC-2-1_Paenibacillus_nicotianae
BJ-S1-DI-2-APC-2-2,Pseudomonas,lurida_poae,,A22,BJ-S1-DI-2-APC-2-2_Pseudomonas_lurida_poae
BJ-S1-DI-2-BHI-1-1,Pseudomonas,baetica_jessenii,,SH46,BJ-S1-DI-2-BHI-1-1_Pseudomonas_baetica_jessenii
BJ-S1-DI-2-BHI-1-3,Pantoea,agglomerans,,SH47,BJ-S1-DI-2-BHI-1-3_Pantoea_agglomerans
BJ-S1-DI-2-BHI-1-4,Pseudomonas,viridiflava,,SH02,BJ-S1-DI-2-BHI-1-4_Pseudomonas_viridiflava
BJ-S1-DI-2-BHI-1-5,Sphingobacterium,kitahiroshimense,,SH03,BJ-S1-DI-2-BHI-1-5_Sphingobacterium_kitahiroshimense
BJ-S1-DI-2-BHI-1-6,Pseudomonas,punonensis,,SH48,BJ-S1-DI-2-BHI-1-6_Pseudomonas_punonensis
BJ-S1-DI-2-BHI-1-7,Microbacterium,foliorum_hydrocarbonoxydans_liquefaciens_oxydans_phyllosphaerae,,SH04,BJ-S1-DI-2-BHI-1-7_Microbacterium_foliorum_hydrocarbonoxydans_liquefaciens_oxydans_phyllosphaerae
BJ-S1-DI-2-BHI-2-1,Pseudomonas,kilonensis,,SH49,BJ-S1-DI-2-BHI-2-1_Pseudomonas_kilonensis
BJ-S1-DI-2-BHI-2-10,Agrobacterium,pusense_radiobacter,,SH07,BJ-S1-DI-2-BHI-2-10_Agrobacterium_pusense_radiobacter
BJ-S1-DI-2-BHI-2-3,Pseudomonas,viridiflava,,SH50,BJ-S1-DI-2-BHI-2-3_Pseudomonas_viridiflava
BJ-S1-DI-2-BHI-2-4,Pseudomonas,fragi,,SH90,BJ-S1-DI-2-BHI-2-4_Pseudomonas_fragi
BJ-S1-DI-2-BHI-2-5,Pseudomonas,corrugata_kilonensis,,SH51,BJ-S1-DI-2-BHI-2-5_Pseudomonas_corrugata_kilonensis
BJ-S1-DI-2-BHI-2-6,Pseudomonas,fragi,,SH91,BJ-S1-DI-2-BHI-2-6_Pseudomonas_fragi
BJ-S1-DI-2-BHI-2-7,Sphingomonas,pseudosanguinis,,SH06,BJ-S1-DI-2-BHI-2-7_Sphingomonas_pseudosanguinis
BJ-S1-DI-2-BHI-2-8,Pseudomonas,lurida_poae,,SH52,BJ-S1-DI-2-BHI-2-8_Pseudomonas_lurida_poae
BJ-S1-DI-2-BHI-2-9,Pseudomonas,baetica_jessenii,,SH53,BJ-S1-DI-2-BHI-2-9_Pseudomonas_baetica_jessenii
BJ-S1-DI-2-GN-1-1,Pseudomonas,corrugata_kilonensis,,B28,BJ-S1-DI-2-GN-1-1_Pseudomonas_corrugata_kilonensis
BJ-S1-DI-2-GN-1-2,Pseudomonas,baetica_jessenii,,B20,BJ-S1-DI-2-GN-1-2_Pseudomonas_baetica_jessenii
BJ-S1-DI-2-GN-2-1,Pseudomonas,kilonensis,,A27,BJ-S1-DI-2-GN-2-1_Pseudomonas_kilonensis
BJ-S1-DI-2-GN-2-1,Erwinia,aphidicola_persicina,,B21,BJ-S1-DI-2-GN-2-1_Erwinia_aphidicola_persicina
BJ-S1-DI-2-GN-2-2,Pseudomonas,baetica_jessenii,,B27,BJ-S1-DI-2-GN-2-2_Pseudomonas_baetica_jessenii
BJ-S1-DI-3-APC-1-1,Rahnella,aquatilis,,A24,BJ-S1-DI-3-APC-1-1_Rahnella_aquatilis
BJ-S1-DI-3-APC-1-2,Pantoea,agglomerans,,A23,BJ-S1-DI-3-APC-1-2_Pantoea_agglomerans
BJ-S1-DI-3-APC-2-1,Achromobacter,spanius,,A25,BJ-S1-DI-3-APC-2-1_Achromobacter_spanius
BJ-S1-DI-3-APC-2-2,Pseudomonas,baetica_jessenii,,A26,BJ-S1-DI-3-APC-2-2_Pseudomonas_baetica_jessenii
BJ-S1-DI-3-BHI-1-1,Pseudomonas,punonensis,,B05,BJ-S1-DI-3-BHI-1-1_Pseudomonas_punonensis
BJ-S1-DI-3-BHI-1-2,Agrobacterium,pusense_radiobacter,,SH54,BJ-S1-DI-3-BHI-1-2_Agrobacterium_pusense_radiobacter
BJ-S1-DI-3-BHI-1-5,Pseudomonas,kilonensis,,B01,BJ-S1-DI-3-BHI-1-5_Pseudomonas_kilonensis
BJ-S1-DI-3-BHI-1-6,Pseudomonas,kilonensis,,B03,BJ-S1-DI-3-BHI-1-6_Pseudomonas_kilonensis
BJ-S1-DI-3-BHI-1-7,Pseudomonas,aeruginosa_anguilliseptica,,B04,BJ-S1-DI-3-BHI-1-7_Pseudomonas_aeruginosa_anguilliseptica
BJ-S1-DI-3-BHI-2-1,Pectobacterium,carotovorum,,SH55,BJ-S1-DI-3-BHI-2-1_Pectobacterium_carotovorum
BJ-S1-DI-3-BHI-2-2,Pseudomonas,aeruginosa,,SH08,BJ-S1-DI-3-BHI-2-2_Pseudomonas_aeruginosa
BJ-S1-DI-3-BHI-2-3,Pseudomonas,baetica_jessenii,,SH56,BJ-S1-DI-3-BHI-2-3_Pseudomonas_baetica_jessenii
BJ-S1-DI-3-BHI-2-4,Erwinia,persicina_rhapontici,,SH57,BJ-S1-DI-3-BHI-2-4_Erwinia_persicina_rhapontici
BJ-S1-DI-3-BHI-2-6,Pseudomonas,aeruginosa_anguilliseptica,,SH58,BJ-S1-DI-3-BHI-2-6_Pseudomonas_aeruginosa_anguilliseptica
BJ-S1-DI-3-BHI-2-7,Pseudomonas,aeruginosa_anguilliseptica,,SH59,BJ-S1-DI-3-BHI-2-7_Pseudomonas_aeruginosa_anguilliseptica
BJ-S1-DI-3-BHI-2-8,Pseudomonas,lurida_poae,,SH60,BJ-S1-DI-3-BHI-2-8_Pseudomonas_lurida_poae
BJ-S1-DI-3-BHI-2-9,Pantoea,agglomerans,,SH61,BJ-S1-DI-3-BHI-2-9_Pantoea_agglomerans
BJ-S1-DI-3-GN-1-1,Pantoea,agglomerans,,A29,BJ-S1-DI-3-GN-1-1_Pantoea_agglomerans
BJ-S1-DI-3-GN-1-2,Pseudomonas,kilonensis,,B26,BJ-S1-DI-3-GN-1-2_Pseudomonas_kilonensis
BJ-S1-DI-3-GN-2-1,Pantoea,agglomerans,,B25,BJ-S1-DI-3-GN-2-1_Pantoea_agglomerans
BJ-S1-DI-3-GN-2-2,Pseudomonas,alcaliphila,,B24,BJ-S1-DI-3-GN-2-2_Pseudomonas_alcaliphila
BJ-S2-D10-1-APC-1-1,Pseudomonas,kilonensis,,EP13,BJ-S2-D10-1-APC-1-1_Pseudomonas_kilonensis
BJ-S2-D10-1-APC-1-2,Pseudomonas,kilonensis,,EP14,BJ-S2-D10-1-APC-1-2_Pseudomonas_kilonensis
BJ-S2-D10-1-APC-2-1,Pantoea,anthophila_conspicua,,EP15,BJ-S2-D10-1-APC-2-1_Pantoea_anthophila_conspicua
BJ-S2-D10-1-APC-2-2,Pantoea,vagans,,EP16,BJ-S2-D10-1-APC-2-2_Pantoea_vagans
BJ-S2-D10-1-BHI-1-1,Pantoea,anthophila_vagans,,EH45,BJ-S2-D10-1-BHI-1-1_Pantoea_anthophila_vagans
BJ-S2-D10-1-BHI-1-2,Pseudomonas,corrugata_kilonensis,,EH46,BJ-S2-D10-1-BHI-1-2_Pseudomonas_corrugata_kilonensis
BJ-S2-D10-1-BHI-1-3,Pseudomonas,oleovorans,,EH47,BJ-S2-D10-1-BHI-1-3_Pseudomonas_oleovorans
BJ-S2-D10-1-BHI-1-4,Sphingobacterium,kitahiroshimense,,EH48,BJ-S2-D10-1-BHI-1-4_Sphingobacterium_kitahiroshimense
BJ-S2-D10-1-BHI-1-6,Pseudarthrobacter,niigatensis,,EH50,BJ-S2-D10-1-BHI-1-6_Pseudarthrobacter_niigatensis
BJ-S2-D10-1-BHI-2-1,Pantoea,agglomerans,,EH51,BJ-S2-D10-1-BHI-2-1_Pantoea_agglomerans
BJ-S2-D10-1-BHI-2-2,Erwinia,aphidicola_persicina_rhapontici,,EH52,BJ-S2-D10-1-BHI-2-2_Erwinia_aphidicola_persicina_rhapontici
BJ-S2-D10-1-BHI-2-3,Pseudomonas,cedrina_chlororaphis_kilonensis,,EH53,BJ-S2-D10-1-BHI-2-3_Pseudomonas_cedrina_chlororaphis_kilonensis
BJ-S2-D10-1-BHI-2-4,Pseudomonas,punonensis,,EH54,BJ-S2-D10-1-BHI-2-4_Pseudomonas_punonensis
BJ-S2-D10-1-BHI-2-5,Stenotrophomonas,tumulicola,,EH55,BJ-S2-D10-1-BHI-2-5_Stenotrophomonas_tumulicola
BJ-S2-D10-1-BHI-2-6,Pseudomonas,punonensis,,EH56,BJ-S2-D10-1-BHI-2-6_Pseudomonas_punonensis
BJ-S2-D10-1-GN-1-1,Pseudomonas,kilonensis,,EG13,BJ-S2-D10-1-GN-1-1_Pseudomonas_kilonensis
BJ-S2-D10-1-GN-1-2,Pseudomonas,baetica_jessenii,,EG14,BJ-S2-D10-1-GN-1-2_Pseudomonas_baetica_jessenii
BJ-S2-D10-1-GN-2-1,Erwinia,aphidicola_persicina_rhapontici,,EG15,BJ-S2-D10-1-GN-2-1_Erwinia_aphidicola_persicina_rhapontici
BJ-S2-D10-1-GN-2-2,Pseudomonas,corrugata_kilonensis,,EG16,BJ-S2-D10-1-GN-2-2_Pseudomonas_corrugata_kilonensis
BJ-S2-D10-2-APC-1-1,Sphingobacterium,kitahiroshimense,,EP31,BJ-S2-D10-2-APC-1-1_Sphingobacterium_kitahiroshimense
BJ-S2-D10-2-APC-1-2,Enterobacter,hormaechei,,EP17,BJ-S2-D10-2-APC-1-2_Enterobacter_hormaechei
BJ-S2-D10-2-APC-2-1,Enterobacter,hormaechei,,EP18,BJ-S2-D10-2-APC-2-1_Enterobacter_hormaechei
BJ-S2-D10-2-BHI-1-1,Erwinia,aphidicola_persicina,,EH57,BJ-S2-D10-2-BHI-1-1_Erwinia_aphidicola_persicina
BJ-S2-D10-2-BHI-1-2,Pseudomonas,punonensis,,EH58,BJ-S2-D10-2-BHI-1-2_Pseudomonas_punonensis
BJ-S2-D10-2-BHI-1-4,Planococcus,chinensis,,EH60,BJ-S2-D10-2-BHI-1-4_Planococcus_chinensis
BJ-S2-D10-2-BHI-1-5,Pseudomonas,corrugata_kilonensis,,EH61,BJ-S2-D10-2-BHI-1-5_Pseudomonas_corrugata_kilonensis
BJ-S2-D10-2-BHI-1-6,Microbacterium,foliorum_hydrocarbonoxydans_liquefaciens_oxydans_phyllosphaerae,,EH62,BJ-S2-D10-2-BHI-1-6_Microbacterium_foliorum_hydrocarbonoxydans_liquefaciens_oxydans_phyllosphaerae
BJ-S2-D10-2-BHI-1-7,Leclercia,adecarboxylata,,EH63,BJ-S2-D10-2-BHI-1-7_Leclercia_adecarboxylata
BJ-S2-D10-2-BHI-2-1,Erwinia,aphidicola_persicina,,EH64,BJ-S2-D10-2-BHI-2-1_Erwinia_aphidicola_persicina
BJ-S2-D10-2-BHI-2-2,Pseudomonas,kilonensis,,EH65,BJ-S2-D10-2-BHI-2-2_Pseudomonas_kilonensis
BJ-S2-D10-2-BHI-2-3,Microbacterium,foliorum_hydrocarbonoxydans_liquefaciens_oxydans_phyllosphaerae,,EH66,BJ-S2-D10-2-BHI-2-3_Microbacterium_foliorum_hydrocarbonoxydans_liquefaciens_oxydans_phyllosphaerae
BJ-S2-D10-2-BHI-2-5,Microbacterium,foliorum_hydrocarbonoxydans_liquefaciens_oxydans_phyllosphaerae,,EH68,BJ-S2-D10-2-BHI-2-5_Microbacterium_foliorum_hydrocarbonoxydans_liquefaciens_oxydans_phyllosphaerae
BJ-S2-D10-2-BHI-2-6,Pseudarthrobacter,niigatensis,,EH69,BJ-S2-D10-2-BHI-2-6_Pseudarthrobacter_niigatensis
BJ-S2-D10-2-GN-1-1,Erwinia,aphidicola_persicina,,EG17,BJ-S2-D10-2-GN-1-1_Erwinia_aphidicola_persicina
BJ-S2-D10-2-GN-1-2,Erwinia,aphidicola_persicina,,EG18,BJ-S2-D10-2-GN-1-2_Erwinia_aphidicola_persicina
BJ-S2-D10-2-GN-2-1,Pantoea,agglomerans_anthophila,,EG19,BJ-S2-D10-2-GN-2-1_Pantoea_agglomerans_anthophila
BJ-S2-D10-2-GN-2-2,Erwinia,aphidicola,,EG20,BJ-S2-D10-2-GN-2-2_Erwinia_aphidicola
BJ-S2-D10-3-APC-1-1,Pseudomonas,kilonensis,,EP19,BJ-S2-D10-3-APC-1-1_Pseudomonas_kilonensis
BJ-S2-D10-3-APC-1-2,Pseudomonas,kilonensis,,EP20,BJ-S2-D10-3-APC-1-2_Pseudomonas_kilonensis
BJ-S2-D10-3-APC-2-1,Pantoea,anthophila,,EP21,BJ-S2-D10-3-APC-2-1_Pantoea_anthophila
BJ-S2-D10-3-APC-2-2,Pantoea,agglomerans,,EP22,BJ-S2-D10-3-APC-2-2_Pantoea_agglomerans
BJ-S2-D10-3-BHI-1-1,Pantoea,agglomerans,,EH70,BJ-S2-D10-3-BHI-1-1_Pantoea_agglomerans
BJ-S2-D10-3-BHI-1-2,Pseudomonas,baetica_jessenii,,EH71,BJ-S2-D10-3-BHI-1-2_Pseudomonas_baetica_jessenii
BJ-S2-D10-3-BHI-1-3,Pseudomonas,kilonensis,,EH113,BJ-S2-D10-3-BHI-1-3_Pseudomonas_kilonensis
BJ-S2-D10-3-BHI-1-5,Agrobacterium,pusense_radiobacter,,EH73,BJ-S2-D10-3-BHI-1-5_Agrobacterium_pusense_radiobacter
BJ-S2-D10-3-BHI-2-1,Pantoea,agglomerans,,EH74,BJ-S2-D10-3-BHI-2-1_Pantoea_agglomerans
BJ-S2-D10-3-BHI-2-2,Pseudomonas,alcaliphila_composti,,EH75,BJ-S2-D10-3-BHI-2-2_Pseudomonas_alcaliphila_composti
BJ-S2-D10-3-BHI-2-3,Erwinia,aphidicola_persicina,,EH76,BJ-S2-D10-3-BHI-2-3_Erwinia_aphidicola_persicina
BJ-S2-D10-3-BHI-2-4,Pseudomonas,kilonensis,,EH77,BJ-S2-D10-3-BHI-2-4_Pseudomonas_kilonensis
BJ-S2-D10-3-BHI-2-5,Pseudomonas,baetica_jessenii_umsongensis,,EH78,BJ-S2-D10-3-BHI-2-5_Pseudomonas_baetica_jessenii_umsongensis
BJ-S2-D10-3-BHI-2-6,Agrobacterium,pusense_radiobacter,,EH79,BJ-S2-D10-3-BHI-2-6_Agrobacterium_pusense_radiobacter
BJ-S2-D10-3-GN-1-1,Pseudomonas,corrugata_kilonensis,,EG21,BJ-S2-D10-3-GN-1-1_Pseudomonas_corrugata_kilonensis
BJ-S2-D10-3-GN-2-1,Erwinia,aphidicola_persicina,,EG22,BJ-S2-D10-3-GN-2-1_Erwinia_aphidicola_persicina
BJ-S2-D10-3-GN-2-2,Pantoea,agglomerans,,EG23,BJ-S2-D10-3-GN-2-2_Pantoea_agglomerans
BJ-S2-DI-1-APC-1-1,Pseudomonas,kilonensis,,SP01,BJ-S2-DI-1-APC-1-1_Pseudomonas_kilonensis
BJ-S2-DI-1-APC-1-2,Pseudomonas,alcaliphila_composti,,SP02,BJ-S2-DI-1-APC-1-2_Pseudomonas_alcaliphila_composti
BJ-S2-DI-1-APC-2-1,Rheinheimera,hassiensis,,SP54,BJ-S2-DI-1-APC-2-1_Rheinheimera_hassiensis
BJ-S2-DI-1-APC-2-2,Pantoea,vagans,,SP03,BJ-S2-DI-1-APC-2-2_Pantoea_vagans
BJ-S2-DI-1-BHI-1-1,Pseudomonas,alcaliphila_composti,,SH62,BJ-S2-DI-1-BHI-1-1_Pseudomonas_alcaliphila_composti
BJ-S2-DI-1-BHI-1-10,Agrobacterium,radiobacter,,SH104,BJ-S2-DI-1-BHI-1-10_Agrobacterium_radiobacter
BJ-S2-DI-1-BHI-1-2,Rheinheimera,hassiensis,,SH63,BJ-S2-DI-1-BHI-1-2_Rheinheimera_hassiensis
BJ-S2-DI-1-BHI-1-3,Pseudomonas,corrugata_kilonensis,,SH64,BJ-S2-DI-1-BHI-1-3_Pseudomonas_corrugata_kilonensis
BJ-S2-DI-1-BHI-1-4,Pseudarthrobacter,niigatensis,,SH09,BJ-S2-DI-1-BHI-1-4_Pseudarthrobacter_niigatensis
BJ-S2-DI-1-BHI-1-5,Sphingobacterium,canadense,,SH65,BJ-S2-DI-1-BHI-1-5_Sphingobacterium_canadense
BJ-S2-DI-1-BHI-1-6,Pantoea,vagans,,SH66,BJ-S2-DI-1-BHI-1-6_Pantoea_vagans
BJ-S2-DI-1-BHI-1-7,Pseudomonas,brassicacearum_cedrina_migulae,,SH10,BJ-S2-DI-1-BHI-1-7_Pseudomonas_brassicacearum_cedrina_migulae
BJ-S2-DI-1-BHI-1-8,Pseudomonas,oleovorans,,SH11,BJ-S2-DI-1-BHI-1-8_Pseudomonas_oleovorans
BJ-S2-DI-1-BHI-1-9,Stenotrophomonas,humi_maltophilia_pavanii,,SH12,BJ-S2-DI-1-BHI-1-9_Stenotrophomonas_humi_maltophilia_pavanii
BJ-S2-DI-1-BHI-2-2,Sphingobacterium,canadense,,SH67,BJ-S2-DI-1-BHI-2-2_Sphingobacterium_canadense
BJ-S2-DI-1-BHI-2-4,Microbacterium,foliorum_hydrocarbonoxydans_liquefaciens_oxydans_phyllosphaerae,,SH93,BJ-S2-DI-1-BHI-2-4_Microbacterium_foliorum_hydrocarbonoxydans_liquefaciens_oxydans_phyllosphaerae
BJ-S2-DI-1-BHI-2-5,Achromobacter_Bordetella,insuavis_xylosoxidans_hinzii,,SH14,BJ-S2-DI-1-BHI-2-5_Achromobacter_Bordetella_insuavis_xylosoxidans_hinzii
BJ-S2-DI-1-BHI-2-6,Pseudomonas,corrugata_kilonensis,,SH68,BJ-S2-DI-1-BHI-2-6_Pseudomonas_corrugata_kilonensis
BJ-S2-DI-1-BHI-2-7,Rheinheimera,hassiensis,,SH69,BJ-S2-DI-1-BHI-2-7_Rheinheimera_hassiensis
BJ-S2-DI-1-GN-1-1,Pantoea,vagans,,SG01,BJ-S2-DI-1-GN-1-1_Pantoea_vagans
BJ-S2-DI-1-GN-1-2,Pseudomonas,alcaliphila_composti,,SG02,BJ-S2-DI-1-GN-1-2_Pseudomonas_alcaliphila_composti
BJ-S2-DI-1-GN-2-1,Pseudomonas,alcaliphila_composti,,SG03,BJ-S2-DI-1-GN-2-1_Pseudomonas_alcaliphila_composti
BJ-S2-DI-1-GN-2-2,Pseudomonas,alcaliphila_composti,,SG04,BJ-S2-DI-1-GN-2-2_Pseudomonas_alcaliphila_composti
BJ-S2-DI-2-APC-1-1,Pantoea,agglomerans,,SP04,BJ-S2-DI-2-APC-1-1_Pantoea_agglomerans
BJ-S2-DI-2-APC-1-2,Pseudomonas,baetica_jessenii,,SP52,BJ-S2-DI-2-APC-1-2_Pseudomonas_baetica_jessenii
BJ-S2-DI-2-APC-2-1,Comamonas,koreensis,,SP53,BJ-S2-DI-2-APC-2-1_Comamonas_koreensis
BJ-S2-DI-2-BHI-1-1,Pseudomonas,alcaliphila_composti,,SH70,BJ-S2-DI-2-BHI-1-1_Pseudomonas_alcaliphila_composti
BJ-S2-DI-2-BHI-1-10,Stenotrophomonas,tumulicola,,SH20,BJ-S2-DI-2-BHI-1-10_Stenotrophomonas_tumulicola
BJ-S2-DI-2-BHI-1-11,Pantoea,agglomerans,,SH21,BJ-S2-DI-2-BHI-1-11_Pantoea_agglomerans
BJ-S2-DI-2-BHI-1-2,Pseudomonas,alcaliphila_chengduensis,,SH71,BJ-S2-DI-2-BHI-1-2_Pseudomonas_alcaliphila_chengduensis
BJ-S2-DI-2-BHI-1-3,Pseudomonas,alcaliphila_chengduensis,,SH72,BJ-S2-DI-2-BHI-1-3_Pseudomonas_alcaliphila_chengduensis
BJ-S2-DI-2-BHI-1-3(2),Pantoea,agglomerans,,SH73,BJ-S2-DI-2-BHI-1-3(2)_Pantoea_agglomerans
BJ-S2-DI-2-BHI-1-4,Glutamicibacter,ardleyensis_bergerei,,SH15,BJ-S2-DI-2-BHI-1-4_Glutamicibacter_ardleyensis_bergerei
BJ-S2-DI-2-BHI-1-4(2),Achromobacter_Bordetella,insuavis_mucicolens_xylosoxidans_hinzii,,SH16,BJ-S2-DI-2-BHI-1-4(2)_Achromobacter_Bordetella_insuavis_mucicolens_xylosoxidans_hinzii
BJ-S2-DI-2-BHI-1-5,Erwinia,aphidicola_persicina,,SH75,BJ-S2-DI-2-BHI-1-5_Erwinia_aphidicola_persicina
BJ-S2-DI-2-BHI-1-5(2),Pseudomonas,corrugata_kilonensis,,SH74,BJ-S2-DI-2-BHI-1-5(2)_Pseudomonas_corrugata_kilonensis
BJ-S2-DI-2-BHI-1-6,Pseudomonas,lurida_poae,,SH17,BJ-S2-DI-2-BHI-1-6_Pseudomonas_lurida_poae
BJ-S2-DI-2-BHI-1-6,Rheinheimera,hassiensis,,SH76,BJ-S2-DI-2-BHI-1-6_Rheinheimera_hassiensis
BJ-S2-DI-2-BHI-1-7,Achromobacter_Bordetella,insuavis_mucicolens_xylosoxidans_hinzii,,SH18,BJ-S2-DI-2-BHI-1-7_Achromobacter_Bordetella_insuavis_mucicolens_xylosoxidans_hinzii
BJ-S2-DI-2-BHI-1-7,Achromobacter_Bordetella,insuavis_mucicolens_xylosoxidans_hinzii,,SH77,BJ-S2-DI-2-BHI-1-7_Achromobacter_Bordetella_insuavis_mucicolens_xylosoxidans_hinzii
BJ-S2-DI-2-BHI-1-9,Pantoea,agglomerans,,SH78,BJ-S2-DI-2-BHI-1-9_Pantoea_agglomerans
BJ-S2-DI-2-BHI-2-1,Pantoea,agglomerans,,SH22,BJ-S2-DI-2-BHI-2-1_Pantoea_agglomerans
BJ-S2-DI-2-BHI-2-2,Microbacterium,foliorum_hydrocarbonoxydans_liquefaciens_oxydans_paraoxydans_phyllosphaerae,,SH100,BJ-S2-DI-2-BHI-2-2_Microbacterium_foliorum_hydrocarbonoxydans_liquefaciens_oxydans_paraoxydans_phyllosphaerae
BJ-S2-DI-2-BHI-2-3,Brevundimonas,bullata,,SH96,BJ-S2-DI-2-BHI-2-3_Brevundimonas_bullata
BJ-S2-DI-2-BHI-2-4,Stenotrophomonas,tumulicola,,SH23,BJ-S2-DI-2-BHI-2-4_Stenotrophomonas_tumulicola
BJ-S2-DI-2-BHI-2-5,Pseudomonas,alcaliphila_chengduensis,,SH79,BJ-S2-DI-2-BHI-2-5_Pseudomonas_alcaliphila_chengduensis
BJ-S2-DI-2-BHI-2-6,Pantoea,agglomerans,,SH24,BJ-S2-DI-2-BHI-2-6_Pantoea_agglomerans
BJ-S2-DI-2-BHI-2-6(2),Pantoea,agglomerans,,SH88,BJ-S2-DI-2-BHI-2-6(2)_Pantoea_agglomerans
BJ-S2-DI-2-BHI-2-7,Pseudomonas,baetica_jessenii,,SH80,BJ-S2-DI-2-BHI-2-7_Pseudomonas_baetica_jessenii
BJ-S2-DI-2-BHI-2-8,Pseudomonas,corrugata_kilonensis,,SH81,BJ-S2-DI-2-BHI-2-8_Pseudomonas_corrugata_kilonensis
BJ-S2-DI-2-GN-1-1,Pseudomonas,alcaliphila_chengduensis,,SG07,BJ-S2-DI-2-GN-1-1_Pseudomonas_alcaliphila_chengduensis
BJ-S2-DI-2-GN-1-2,Pantoea,agglomerans,,SG08,BJ-S2-DI-2-GN-1-2_Pantoea_agglomerans
BJ-S2-DI-2-GN-2-2,Pseudomonas,alcaliphila,,SG09,BJ-S2-DI-2-GN-2-2_Pseudomonas_alcaliphila
BJ-S2-DI-3-APC-1-1,Pseudomonas,punonensis,,SP50,BJ-S2-DI-3-APC-1-1_Pseudomonas_punonensis
BJ-S2-DI-3-APC-1-2,Pseudomonas,corrugata_kilonensis,,SP05,BJ-S2-DI-3-APC-1-2_Pseudomonas_corrugata_kilonensis
BJ-S2-DI-3-APC-2-1,Pseudomonas,punonensis,,SP06,BJ-S2-DI-3-APC-2-1_Pseudomonas_punonensis
BJ-S2-DI-3-APC-2-2,Pseudomonas,kilonensis,,SP07,BJ-S2-DI-3-APC-2-2_Pseudomonas_kilonensis
BJ-S2-DI-3-BHI-1-1,Pseudomonas,punonensis,,SH82,BJ-S2-DI-3-BHI-1-1_Pseudomonas_punonensis
BJ-S2-DI-3-BHI-1-2,Pseudomonas,punonensis,,SH83,BJ-S2-DI-3-BHI-1-2_Pseudomonas_punonensis
BJ-S2-DI-3-BHI-2-1,Pseudomonas,punonensis,,SH84,BJ-S2-DI-3-BHI-2-1_Pseudomonas_punonensis
BJ-S2-DI-3-BHI-2-10,Microbacterium,foliorum_hydrocarbonoxydans_liquefaciens_oxydans_phyllosphaerae,,SH98,BJ-S2-DI-3-BHI-2-10_Microbacterium_foliorum_hydrocarbonoxydans_liquefaciens_oxydans_phyllosphaerae
BJ-S2-DI-3-BHI-2-11,Zhihengliuella,alba,,SH25,BJ-S2-DI-3-BHI-2-11_Zhihengliuella_alba
BJ-S2-DI-3-BHI-2-2,Pseudoclavibacter,helvolus,,SH99,BJ-S2-DI-3-BHI-2-2_Pseudoclavibacter_helvolus
BJ-S2-DI-3-BHI-2-4,Brevundimonas,nasdae,,SH97,BJ-S2-DI-3-BHI-2-4_Brevundimonas_nasdae
BJ-S2-DI-3-BHI-2-5,Pseudomonas,baetica_jessenii,,SH85,BJ-S2-DI-3-BHI-2-5_Pseudomonas_baetica_jessenii
BJ-S2-DI-3-BHI-2-6,Pseudomonas,kilonensis,,SH86,BJ-S2-DI-3-BHI-2-6_Pseudomonas_kilonensis
BJ-S2-DI-3-BHI-2-7,Achromobacter_Bordetella,insuavis_mucicolens_xylosoxidans_hinzii,,SH87,BJ-S2-DI-3-BHI-2-7_Achromobacter_Bordetella_insuavis_mucicolens_xylosoxidans_hinzii
BJ-S2-DI-3-BHI-2-8,Flavobacterium,tistrianum,,SH103,BJ-S2-DI-3-BHI-2-8_Flavobacterium_tistrianum
BJ-S2-DI-3-BHI-2-9,Microbacterium,foliorum_hydrocarbonoxydans_liquefaciens_oxydans_phyllosphaerae,,SH92,BJ-S2-DI-3-BHI-2-9_Microbacterium_foliorum_hydrocarbonoxydans_liquefaciens_oxydans_phyllosphaerae
BJ-S2-DI-3-GN-1-1,Pseudomonas,kilonensis,,SG13,BJ-S2-DI-3-GN-1-1_Pseudomonas_kilonensis
BJ-S2-DI-3-GN-1-2,Pseudomonas,corrugata_kilonensis,,SG14,BJ-S2-DI-3-GN-1-2_Pseudomonas_corrugata_kilonensis
BJ-S2-DI-3-GN-2-1,Pseudomonas,corrugata_kilonensis,,SG15,BJ-S2-DI-3-GN-2-1_Pseudomonas_corrugata_kilonensis
BJ-S3-D10-1-APC-1-1,Pseudomonas,kilonensis,,EP23,BJ-S3-D10-1-APC-1-1_Pseudomonas_kilonensis
BJ-S3-D10-1-APC-1-2,Pseudomonas,punonensis,,EP24,BJ-S3-D10-1-APC-1-2_Pseudomonas_punonensis
BJ-S3-D10-1-APC-2-1,Sphingobacterium,kitahiroshimense,,EP25,BJ-S3-D10-1-APC-2-1_Sphingobacterium_kitahiroshimense
BJ-S3-D10-1-BHI-1-1,Pantoea,agglomerans,,EH80,BJ-S3-D10-1-BHI-1-1_Pantoea_agglomerans
BJ-S3-D10-1-BHI-1-2,Pseudomonas,punonensis,,EH81,BJ-S3-D10-1-BHI-1-2_Pseudomonas_punonensis
BJ-S3-D10-1-BHI-1-3,Pseudomonas,baetica_jessenii,,EH82,BJ-S3-D10-1-BHI-1-3_Pseudomonas_baetica_jessenii
BJ-S3-D10-1-BHI-1-4,Staphylococcus,equorum,,EH83,BJ-S3-D10-1-BHI-1-4_Staphylococcus_equorum
BJ-S3-D10-1-BHI-2-1,Pantoea,vagans,,EH85,BJ-S3-D10-1-BHI-2-1_Pantoea_vagans
BJ-S3-D10-1-BHI-2-2,Pseudomonas,punonensis,,EH86,BJ-S3-D10-1-BHI-2-2_Pseudomonas_punonensis
BJ-S3-D10-1-BHI-2-3,Pseudomonas,corrugata_kilonensis,,EH87,BJ-S3-D10-1-BHI-2-3_Pseudomonas_corrugata_kilonensis
BJ-S3-D10-1-BHI-2-4,Pseudomonas,baetica_jessenii,,EH88,BJ-S3-D10-1-BHI-2-4_Pseudomonas_baetica_jessenii
BJ-S3-D10-1-BHI-2-5,Pseudomonas,punonensis,,EH89,BJ-S3-D10-1-BHI-2-5_Pseudomonas_punonensis
BJ-S3-D10-1-BHI-2-6,Pseudomonas,punonensis,,EH90,BJ-S3-D10-1-BHI-2-6_Pseudomonas_punonensis
BJ-S3-D10-1-GN-1-1,Pseudomonas,oleovorans,,EG01,BJ-S3-D10-1-GN-1-1_Pseudomonas_oleovorans
BJ-S3-D10-1-GN-1-2,Pantoea,agglomerans,,EG02,BJ-S3-D10-1-GN-1-2_Pantoea_agglomerans
BJ-S3-D10-1-GN-2-1,Pantoea,agglomerans,,EG03,BJ-S3-D10-1-GN-2-1_Pantoea_agglomerans
BJ-S3-D10-1-GN-2-2,Pseudomonas,punonensis,,EG04,BJ-S3-D10-1-GN-2-2_Pseudomonas_punonensis
BJ-S3-D10-2-APC-1-2,Pantoea,anthophila,,EP26,BJ-S3-D10-2-APC-1-2_Pantoea_anthophila
BJ-S3-D10-2-APC-2-1,Pseudomonas,baetica_jessenii_umsongensis,,EP27,BJ-S3-D10-2-APC-2-1_Pseudomonas_baetica_jessenii_umsongensis
BJ-S3-D10-2-APC-2-2,Pseudomonas,corrugata_kilonensis,,EP28,BJ-S3-D10-2-APC-2-2_Pseudomonas_corrugata_kilonensis
BJ-S3-D10-2-BHI-1-1,Pantoea,anthophila,,EH91,BJ-S3-D10-2-BHI-1-1_Pantoea_anthophila
BJ-S3-D10-2-BHI-1-2,Pseudomonas,alcaliphila,,EH92,BJ-S3-D10-2-BHI-1-2_Pseudomonas_alcaliphila
BJ-S3-D10-2-BHI-1-3,Pseudomonas,kilonensis,,EH93,BJ-S3-D10-2-BHI-1-3_Pseudomonas_kilonensis
BJ-S3-D10-2-BHI-1-4,Sphingobacterium,kitahiroshimense,,EH94,BJ-S3-D10-2-BHI-1-4_Sphingobacterium_kitahiroshimense
BJ-S3-D10-2-BHI-1-5,Erwinia,aphidicola_persicina,,EH95,BJ-S3-D10-2-BHI-1-5_Erwinia_aphidicola_persicina
BJ-S3-D10-2-BHI-1-6,Paenarthrobacter,nitroguajacolicus,,EH96,BJ-S3-D10-2-BHI-1-6_Paenarthrobacter_nitroguajacolicus
BJ-S3-D10-2-BHI-2-1,Pantoea,anthophila,,EH97,BJ-S3-D10-2-BHI-2-1_Pantoea_anthophila
BJ-S3-D10-2-BHI-2-2,Vibrio,owensii_rumoiensis,,EH98,BJ-S3-D10-2-BHI-2-2_Vibrio_owensii_rumoiensis
BJ-S3-D10-2-BHI-2-3,Pseudomonas,corrugata_kilonensis,,EH99,BJ-S3-D10-2-BHI-2-3_Pseudomonas_corrugata_kilonensis
BJ-S3-D10-2-BHI-2-4,Pseudomonas,lurida_poae,,EH100,BJ-S3-D10-2-BHI-2-4_Pseudomonas_lurida_poae
BJ-S3-D10-2-BHI-2-6,Glutamicibacter,ardleyensis_bergerei_endophyticus,,EH102,BJ-S3-D10-2-BHI-2-6_Glutamicibacter_ardleyensis_bergerei_endophyticus
BJ-S3-D10-2-GN-1-1,Erwinia,aphidicola_persicina_rhapontici,,EG05,BJ-S3-D10-2-GN-1-1_Erwinia_aphidicola_persicina_rhapontici
BJ-S3-D10-2-GN-1-1,Obesumbacterium,proteus,,EG09,BJ-S3-D10-2-GN-1-1_Obesumbacterium_proteus
BJ-S3-D10-2-GN-1-2,Pantoea,anthophila,,EG06,BJ-S3-D10-2-GN-1-2_Pantoea_anthophila
BJ-S3-D10-2-GN-2-1,Pantoea,anthophila,,EG07,BJ-S3-D10-2-GN-2-1_Pantoea_anthophila
BJ-S3-D10-2-GN-2-2,Erwinia,aphidicola_persicina,,EG08,BJ-S3-D10-2-GN-2-2_Erwinia_aphidicola_persicina
BJ-S3-D10-3-APC-1-1,Pantoea,agglomerans,,EP29,BJ-S3-D10-3-APC-1-1_Pantoea_agglomerans
BJ-S3-D10-3-APC-1-2,Erwinia,aphidicola_persicina,,EP30,BJ-S3-D10-3-APC-1-2_Erwinia_aphidicola_persicina
BJ-S3-D10-3-BHI-1-1,Pantoea,agglomerans,,EH103,BJ-S3-D10-3-BHI-1-1_Pantoea_agglomerans
BJ-S3-D10-3-BHI-1-2,Pseudomonas,guariconensis_parafulva_plecoglossicida,,EH104,BJ-S3-D10-3-BHI-1-2_Pseudomonas_guariconensis_parafulva_plecoglossicida
BJ-S3-D10-3-BHI-1-3,Curtobacterium,flaccumfaciens,,EH105,BJ-S3-D10-3-BHI-1-3_Curtobacterium_flaccumfaciens
BJ-S3-D10-3-BHI-1-4,Pseudomonas,kilonensis,,EH106,BJ-S3-D10-3-BHI-1-4_Pseudomonas_kilonensis
BJ-S3-D10-3-BHI-2-1,Pantoea,agglomerans,,EH108,BJ-S3-D10-3-BHI-2-1_Pantoea_agglomerans
BJ-S3-D10-3-BHI-2-2,Pseudomonas,psychrotolerans,,EH109,BJ-S3-D10-3-BHI-2-2_Pseudomonas_psychrotolerans
BJ-S3-D10-3-BHI-2-3,Serratia,grimesii,,EH110,BJ-S3-D10-3-BHI-2-3_Serratia_grimesii
BJ-S3-D10-3-BHI-2-4,Pseudomonas,kilonensis,,EH111,BJ-S3-D10-3-BHI-2-4_Pseudomonas_kilonensis
BJ-S3-D10-3-BHI-2-5,Pseudomonas,psychrotolerans,,EH112,BJ-S3-D10-3-BHI-2-5_Pseudomonas_psychrotolerans
BJ-S3-D10-3-GN-1-2,Pantoea,agglomerans,,EG10,BJ-S3-D10-3-GN-1-2_Pantoea_agglomerans
BJ-S3-D10-3-GN-2-1,Pantoea,agglomerans,,EG11,BJ-S3-D10-3-GN-2-1_Pantoea_agglomerans
BJ-S3-D10-3-GN-2-2,Erwinia,aphidicola_persicina,,EG12,BJ-S3-D10-3-GN-2-2_Erwinia_aphidicola_persicina
BJ-S3-DI-1-APC-1-1,Corynebacterium,glutamicum,,SP08,BJ-S3-DI-1-APC-1-1_Corynebacterium_glutamicum
BJ-S3-DI-1-APC-1-2,Pantoea,agglomerans,,SP09,BJ-S3-DI-1-APC-1-2_Pantoea_agglomerans
BJ-S3-DI-1-APC-2-1,Pseudomonas,baetica_jessenii,,SP10,BJ-S3-DI-1-APC-2-1_Pseudomonas_baetica_jessenii
BJ-S3-DI-1-APC-2-2,Erwinia,persicina_rhapontici,,SP11,BJ-S3-DI-1-APC-2-2_Erwinia_persicina_rhapontici
BJ-S3-DI-1-BHI-1-1,Pseudomonas,punonensis,,SH136,BJ-S3-DI-1-BHI-1-1_Pseudomonas_punonensis
BJ-S3-DI-1-BHI-1-10,Sphingobacterium,kitahiroshimense,,SH127,BJ-S3-DI-1-BHI-1-10_Sphingobacterium_kitahiroshimense
BJ-S3-DI-1-BHI-1-11,Agrobacterium,pusense_radiobacter,,SH126,BJ-S3-DI-1-BHI-1-11_Agrobacterium_pusense_radiobacter
BJ-S3-DI-1-BHI-1-13,Erwinia,persicina_rhapontici,,SH31,BJ-S3-DI-1-BHI-1-13_Erwinia_persicina_rhapontici
BJ-S3-DI-1-BHI-1-2,Pseudomonas,punonensis,,SH26,BJ-S3-DI-1-BHI-1-2_Pseudomonas_punonensis
BJ-S3-DI-1-BHI-1-3,Pantoea,stewartii,,SH27,BJ-S3-DI-1-BHI-1-3_Pantoea_stewartii
BJ-S3-DI-1-BHI-1-4,Pantoea,agglomerans,,SH28,BJ-S3-DI-1-BHI-1-4_Pantoea_agglomerans
BJ-S3-DI-1-BHI-1-5,Pseudomonas,punonensis,,SH138,BJ-S3-DI-1-BHI-1-5_Pseudomonas_punonensis
BJ-S3-DI-1-BHI-1-6,Flavobacterium,tistrianum,,SH158,BJ-S3-DI-1-BHI-1-6_Flavobacterium_tistrianum
BJ-S3-DI-1-BHI-1-7,Pseudomonas,grimontii_rhodesiae,,SH128,BJ-S3-DI-1-BHI-1-7_Pseudomonas_grimontii_rhodesiae
BJ-S3-DI-1-BHI-1-8,Erwinia,aphidicola_persicina_rhapontici,,SH29,BJ-S3-DI-1-BHI-1-8_Erwinia_aphidicola_persicina_rhapontici
BJ-S3-DI-1-BHI-1-9,Pseudomonas,baetica_jessenii,,SH30,BJ-S3-DI-1-BHI-1-9_Pseudomonas_baetica_jessenii
BJ-S3-DI-1-BHI-2-1,Pseudomonas,punonensis,,SH113,BJ-S3-DI-1-BHI-2-1_Pseudomonas_punonensis
BJ-S3-DI-1-BHI-2-10,Pseudomonas,fragi,,SH153,BJ-S3-DI-1-BHI-2-10_Pseudomonas_fragi
BJ-S3-DI-1-BHI-2-2,Achromobacter,animicus_insuavis_xylosoxidans,,SH116,BJ-S3-DI-1-BHI-2-2_Achromobacter_animicus_insuavis_xylosoxidans
BJ-S3-DI-1-BHI-2-3,Stenotrophomonas,tumulicola,,SH114,BJ-S3-DI-1-BHI-2-3_Stenotrophomonas_tumulicola
BJ-S3-DI-1-BHI-2-4,Pseudomonas,baetica_jessenii,,SH115,BJ-S3-DI-1-BHI-2-4_Pseudomonas_baetica_jessenii
BJ-S3-DI-1-BHI-2-5,Sphingobacterium,kitahiroshimense,,SH119,BJ-S3-DI-1-BHI-2-5_Sphingobacterium_kitahiroshimense
BJ-S3-DI-1-BHI-2-6,Pseudomonas,kilonensis,,SH118,BJ-S3-DI-1-BHI-2-6_Pseudomonas_kilonensis
BJ-S3-DI-1-BHI-2-7,Agrobacterium,radiobacter,,SH150,BJ-S3-DI-1-BHI-2-7_Agrobacterium_radiobacter
BJ-S3-DI-1-GN-1-1,Pseudomonas,baetica_jessenii,,SG50,BJ-S3-DI-1-GN-1-1_Pseudomonas_baetica_jessenii
BJ-S3-DI-1-GN-1-2,Pantoea,agglomerans,,SG05,BJ-S3-DI-1-GN-1-2_Pantoea_agglomerans
BJ-S3-DI-1-GN-2-1,Pantoea,agglomerans,,SG06,BJ-S3-DI-1-GN-2-1_Pantoea_agglomerans
BJ-S3-DI-1-GN-2-2,Pseudomonas,brassicacearum_cedrina_chlororaphis_lini_migulae,,SG52,BJ-S3-DI-1-GN-2-2_Pseudomonas_brassicacearum_cedrina_chlororaphis_lini_migulae
BJ-S3-DI-2-APC-1-1,Rheinheimera,hassiensis,,SP12,BJ-S3-DI-2-APC-1-1_Rheinheimera_hassiensis
BJ-S3-DI-2-APC-1-2,Erwinia,aphidicola_persicina,,SP13,BJ-S3-DI-2-APC-1-2_Erwinia_aphidicola_persicina
BJ-S3-DI-2-APC-2-1,Erwinia,aphidicola_persicina_rhapontici,,SP14,BJ-S3-DI-2-APC-2-1_Erwinia_aphidicola_persicina_rhapontici
BJ-S3-DI-2-APC-2-2,Rheinheimera,hassiensis,,SP15,BJ-S3-DI-2-APC-2-2_Rheinheimera_hassiensis
BJ-S3-DI-2-BHI-1-10,Pantoea,agglomerans,,SH36,BJ-S3-DI-2-BHI-1-10_Pantoea_agglomerans
BJ-S3-DI-2-BHI-1-11,Pseudomonas,oleovorans,,SH139,BJ-S3-DI-2-BHI-1-11_Pseudomonas_oleovorans
BJ-S3-DI-2-BHI-1-12,Microbacterium,foliorum_hydrocarbonoxydans_liquefaciens_oxydans_phyllosphaerae,,SH159,BJ-S3-DI-2-BHI-1-12_Microbacterium_foliorum_hydrocarbonoxydans_liquefaciens_oxydans_phyllosphaerae
BJ-S3-DI-2-BHI-1-13,Pseudomonas,punonensis,,SH140,BJ-S3-DI-2-BHI-1-13_Pseudomonas_punonensis
BJ-S3-DI-2-BHI-1-15,Dyadobacter,alkalitolerans,,SH154,BJ-S3-DI-2-BHI-1-15_Dyadobacter_alkalitolerans
BJ-S3-DI-2-BHI-1-16,Microbacterium,foliorum_hydrocarbonoxydans_liquefaciens_oxydans_phyllosphaerae,,SH135,BJ-S3-DI-2-BHI-1-16_Microbacterium_foliorum_hydrocarbonoxydans_liquefaciens_oxydans_phyllosphaerae
BJ-S3-DI-2-BHI-1-3,Pseudomonas,punonensis,,SH32,BJ-S3-DI-2-BHI-1-3_Pseudomonas_punonensis
BJ-S3-DI-2-BHI-1-4,Agrobacterium,pusense_radiobacter,,SH133,BJ-S3-DI-2-BHI-1-4_Agrobacterium_pusense_radiobacter
BJ-S3-DI-2-BHI-1-5,Rheinheimera,hassiensis,,SH129,BJ-S3-DI-2-BHI-1-5_Rheinheimera_hassiensis
BJ-S3-DI-2-BHI-1-6,Pseudomonas,corrugata_kilonensis,,SH33,BJ-S3-DI-2-BHI-1-6_Pseudomonas_corrugata_kilonensis
BJ-S3-DI-2-BHI-1-7,Pseudomonas,punonensis,,SH34,BJ-S3-DI-2-BHI-1-7_Pseudomonas_punonensis
BJ-S3-DI-2-BHI-1-8,Pantoea,agglomerans,,SH35,BJ-S3-DI-2-BHI-1-8_Pantoea_agglomerans
BJ-S3-DI-2-BHI-1-9,Erwinia,aphidicola_persicina,,SH89,BJ-S3-DI-2-BHI-1-9_Erwinia_aphidicola_persicina
BJ-S3-DI-2-BHI-2-1,Pseudomonas,baetica_jessenii,,SH37,BJ-S3-DI-2-BHI-2-1_Pseudomonas_baetica_jessenii
BJ-S3-DI-2-BHI-2-3,Pseudomonas,punonensis,,SH121,BJ-S3-DI-2-BHI-2-3_Pseudomonas_punonensis
BJ-S3-DI-2-BHI-2-4,Microbacterium,paraoxydans,,SH151,BJ-S3-DI-2-BHI-2-4_Microbacterium_paraoxydans
BJ-S3-DI-2-BHI-2-5,Microbacterium,yannicii,,SH156,BJ-S3-DI-2-BHI-2-5_Microbacterium_yannicii
BJ-S3-DI-2-BHI-2-6,Pseudomonas,corrugata_kilonensis,,SH108,BJ-S3-DI-2-BHI-2-6_Pseudomonas_corrugata_kilonensis
BJ-S3-DI-2-BHI-2-7,Rheinheimera,hassiensis,,SH125,BJ-S3-DI-2-BHI-2-7_Rheinheimera_hassiensis
BJ-S3-DI-2-BHI-2-8,Agrobacterium,pusense_radiobacter,,SH124,BJ-S3-DI-2-BHI-2-8_Agrobacterium_pusense_radiobacter
BJ-S3-DI-2-GN-1-1,Pantoea,agglomerans,,SG10,BJ-S3-DI-2-GN-1-1_Pantoea_agglomerans
BJ-S3-DI-2-GN-1-2,Pseudomonas,corrugata_kilonensis,,SG11,BJ-S3-DI-2-GN-1-2_Pseudomonas_corrugata_kilonensis
BJ-S3-DI-2-GN-2-1,Pseudomonas,corrugata_kilonensis,,SG12,BJ-S3-DI-2-GN-2-1_Pseudomonas_corrugata_kilonensis
BJ-S3-DI-2-GN-2-2,Pseudomonas,corrugata_kilonensis,,SG53,BJ-S3-DI-2-GN-2-2_Pseudomonas_corrugata_kilonensis
BJ-S3-DI-3-APC-1-1,Pantoea,vagans,,SP16,BJ-S3-DI-3-APC-1-1_Pantoea_vagans
BJ-S3-DI-3-APC-1-2,Erwinia,persicina_rhapontici,,SP17,BJ-S3-DI-3-APC-1-2_Erwinia_persicina_rhapontici
BJ-S3-DI-3-APC-2-1,Erwinia,persicina_rhapontici,,SP18,BJ-S3-DI-3-APC-2-1_Erwinia_persicina_rhapontici
BJ-S3-DI-3-APC-2-2,Acinetobacter,haemolyticus,,SP19,BJ-S3-DI-3-APC-2-2_Acinetobacter_haemolyticus
BJ-S3-DI-3-BHI-1-1,Pantoea,anthophila,,SH38,BJ-S3-DI-3-BHI-1-1_Pantoea_anthophila
BJ-S3-DI-3-BHI-1-10,Pseudomonas,libanensis,,SH157,BJ-S3-DI-3-BHI-1-10_Pseudomonas_libanensis
BJ-S3-DI-3-BHI-1-2,Brevundimonas,nasdae,,SH155,BJ-S3-DI-3-BHI-1-2_Brevundimonas_nasdae
BJ-S3-DI-3-BHI-1-3,Pantoea,vagans,,SH39,BJ-S3-DI-3-BHI-1-3_Pantoea_vagans
BJ-S3-DI-3-BHI-1-4,Pseudomonas,baetica_jessenii,,SH120,BJ-S3-DI-3-BHI-1-4_Pseudomonas_baetica_jessenii
BJ-S3-DI-3-BHI-1-5,Agrobacterium,pusense_radiobacter,,SH130,BJ-S3-DI-3-BHI-1-5_Agrobacterium_pusense_radiobacter
BJ-S3-DI-3-BHI-1-6,Halomonas,venusta,,SH107,BJ-S3-DI-3-BHI-1-6_Halomonas_venusta
BJ-S3-DI-3-BHI-1-7,Agrobacterium,pusense_radiobacter,,SH106,BJ-S3-DI-3-BHI-1-7_Agrobacterium_pusense_radiobacter
BJ-S3-DI-3-BHI-1-8,Pseudomonas,lurida_poae,,SH105,BJ-S3-DI-3-BHI-1-8_Pseudomonas_lurida_poae
BJ-S3-DI-3-BHI-1-9,Glutamicibacter,ardleyensis_bergerei,,SH123,BJ-S3-DI-3-BHI-1-9_Glutamicibacter_ardleyensis_bergerei
BJ-S3-DI-3-BHI-2-1,Cytobacillus,kochii,,SH40,BJ-S3-DI-3-BHI-2-1_Cytobacillus_kochii
BJ-S3-DI-3-BHI-2-10,Microbacterium,foliorum_hydrocarbonoxydans_liquefaciens_oxydans_phyllosphaerae,,SH160,BJ-S3-DI-3-BHI-2-10_Microbacterium_foliorum_hydrocarbonoxydans_liquefaciens_oxydans_phyllosphaerae
BJ-S3-DI-3-BHI-2-11,Pseudomonas,baetica,,SH122,BJ-S3-DI-3-BHI-2-11_Pseudomonas_baetica
BJ-S3-DI-3-BHI-2-3,Pseudoclavibacter,helvolus,,SH152,BJ-S3-DI-3-BHI-2-3_Pseudoclavibacter_helvolus
BJ-S3-DI-3-BHI-2-3,Erwinia,persicina_rhapontici,,SH41,BJ-S3-DI-3-BHI-2-3_Erwinia_persicina_rhapontici
BJ-S3-DI-3-BHI-2-4,Sphingobacterium,kitahiroshimense,,SH110,BJ-S3-DI-3-BHI-2-4_Sphingobacterium_kitahiroshimense
BJ-S3-DI-3-BHI-2-5,Pseudomonas,gessardii_grimontii_libanensis_proteolytica,,SH111,BJ-S3-DI-3-BHI-2-5_Pseudomonas_gessardii_grimontii_libanensis_proteolytica
BJ-S3-DI-3-BHI-2-7,Pantoea,vagans,,SH42,BJ-S3-DI-3-BHI-2-7_Pantoea_vagans
BJ-S3-DI-3-BHI-2-8,Halomonas,songnenensis,,SH112,BJ-S3-DI-3-BHI-2-8_Halomonas_songnenensis
BJ-S3-DI-3-BHI-2-9,Cellulosimicrobium,funkei,,SH161,BJ-S3-DI-3-BHI-2-9_Cellulosimicrobium_funkei
BJ-S3-DI-3-GN-1-1,Pantoea,anthophila,,SG17,BJ-S3-DI-3-GN-1-1_Pantoea_anthophila
BJ-S3-DI-3-GN-1-2,Erwinia,persicina_rhapontici,,SG18,BJ-S3-DI-3-GN-1-2_Erwinia_persicina_rhapontici
BJ-S3-DI-3-GN-2-1,Pseudomonas,kilonensis,,SG19,BJ-S3-DI-3-GN-2-1_Pseudomonas_kilonensis
BJ-S3-DI-3-GN-2-2,Pseudomonas,kilonensis,,SG54,BJ-S3-DI-3-GN-2-2_Pseudomonas_kilonensis
H-S1-D0-1-APC-1-1,Pseudomonas,punonensis,,A08,H-S1-D0-1-APC-1-1_Pseudomonas_punonensis
H-S1-D0-1-APC-1-2,Pseudomonas,punonensis,,A12,H-S1-D0-1-APC-1-2_Pseudomonas_punonensis
H-S1-D0-1-APC-2-1,Pseudomonas,punonensis,,A07,H-S1-D0-1-APC-2-1_Pseudomonas_punonensis
H-S2-D0-1-APC-1-1,Pseudomonas,oleovorans,,SP60,H-S2-D0-1-APC-1-1_Pseudomonas_oleovorans
H-S2-D0-1-APC-1-2,Pseudomonas,punonensis,,SP61,H-S2-D0-1-APC-1-2_Pseudomonas_punonensis
H-S2-D0-1-APC-2-1,Rheinheimera,hassiensis,,SP62,H-S2-D0-1-APC-2-1_Rheinheimera_hassiensis
H-S2-D0-1-APC-2-2,Rheinheimera,hassiensis,,SP63,H-S2-D0-1-APC-2-2_Rheinheimera_hassiensis
H-S2-D0-1-GN-1-1,Pseudomonas,corrugata_kilonensis,,SG60,H-S2-D0-1-GN-1-1_Pseudomonas_corrugata_kilonensis
H-S2-D0-1-GN-1-2,Pseudomonas,corrugata_kilonensis,,SG61,H-S2-D0-1-GN-1-2_Pseudomonas_corrugata_kilonensis
H-S2-D0-1-GN-2-1,Pseudomonas,kilonensis,,SG62,H-S2-D0-1-GN-2-1_Pseudomonas_kilonensis
H-S2-D0-1-GN-2-2,Pseudomonas,kilonensis,,SG63,H-S2-D0-1-GN-2-2_Pseudomonas_kilonensis
H-S2-D0-2-APC-1-1,Stenotrophomonas,humi_maltophilia_pavanii,,SP64,H-S2-D0-2-APC-1-1_Stenotrophomonas_humi_maltophilia_pavanii
H-S2-D0-2-APC-1-2,Pseudomonas,punonensis,,SP65,H-S2-D0-2-APC-1-2_Pseudomonas_punonensis
H-S2-D0-2-APC-2-1,Pseudomonas,punonensis,,SP66,H-S2-D0-2-APC-2-1_Pseudomonas_punonensis
H-S2-D0-2-APC-2-2,Pseudomonas,punonensis,,SP67,H-S2-D0-2-APC-2-2_Pseudomonas_punonensis
H-S2-D0-2-GN-1-1,Pseudomonas,kilonensis,,SG64,H-S2-D0-2-GN-1-1_Pseudomonas_kilonensis
H-S2-D0-2-GN-1-2,Pantoea,cypripedii,,SG65,H-S2-D0-2-GN-1-2_Pantoea_cypripedii
H-S2-D0-2-GN-2-1,Pseudomonas,kilonensis,,SG66,H-S2-D0-2-GN-2-1_Pseudomonas_kilonensis
H-S2-D0-2-GN-2-2,Pseudomonas,kilonensis,,SG67,H-S2-D0-2-GN-2-2_Pseudomonas_kilonensis
H-S2-D0-3-APC-1-1,Rheinheimera,hassiensis,,SP68,H-S2-D0-3-APC-1-1_Rheinheimera_hassiensis
H-S2-D0-3-APC-1-2,Rheinheimera,hassiensis,,SP69,H-S2-D0-3-APC-1-2_Rheinheimera_hassiensis
H-S2-D0-3-APC-2-1,Pseudomonas,kilonensis,,SP70,H-S2-D0-3-APC-2-1_Pseudomonas_kilonensis
H-S2-D0-3-APC-2-2,Pseudomonas,kilonensis,,SP71,H-S2-D0-3-APC-2-2_Pseudomonas_kilonensis
H-S2-D0-3-GN-1-1,Pseudomonas,kilonensis,,SG68,H-S2-D0-3-GN-1-1_Pseudomonas_kilonensis
H-S2-D0-3-GN-1-2,Pseudomonas,kilonensis,,SG69,H-S2-D0-3-GN-1-2_Pseudomonas_kilonensis
H-S2-D0-3-GN-2-1,Pseudomonas,lurida_poae,,SG70,H-S2-D0-3-GN-2-1_Pseudomonas_lurida_poae
H-S2-D0-3-GN-2-2,Pseudomonas,kilonensis,,SG71,H-S2-D0-3-GN-2-2_Pseudomonas_kilonensis
H-S3-D0-1-APC-1-1,Pseudomonas,kilonensis,,SP72,H-S3-D0-1-APC-1-1_Pseudomonas_kilonensis
H-S3-D0-1-APC-2-1,Pseudomonas,baetica_jessenii_umsongensis,,SP74,H-S3-D0-1-APC-2-1_Pseudomonas_baetica_jessenii_umsongensis
H-S3-D0-1-APC-2-2,Pseudomonas,alcaliphila_composti,,SP75,H-S3-D0-1-APC-2-2_Pseudomonas_alcaliphila_composti
H-S3-D0-1-GN-1-1,Pseudomonas,oleovorans,,SG72,H-S3-D0-1-GN-1-1_Pseudomonas_oleovorans
H-S3-D0-1-GN-1-2,Pseudomonas,punonensis,,SG73,H-S3-D0-1-GN-1-2_Pseudomonas_punonensis
H-S3-D0-1-GN-2-1,Pseudomonas,corrugata_kilonensis,,SG74,H-S3-D0-1-GN-2-1_Pseudomonas_corrugata_kilonensis
H-S3-D0-1-GN-2-2,Pseudomonas,brassicacearum_cedrina_chlororaphis_kilonensis_lini_migulae,,SG75,H-S3-D0-1-GN-2-2_Pseudomonas_brassicacearum_cedrina_chlororaphis_kilonensis_lini_migulae
H-S3-D0-2-APC-1-1,Rheinheimera,soli,,SP76,H-S3-D0-2-APC-1-1_Rheinheimera_soli
H-S3-D0-2-APC-2-1,Rheinheimera,hassiensis,,SP78,H-S3-D0-2-APC-2-1_Rheinheimera_hassiensis
H-S3-D0-2-APC-2-2,Pseudomonas,balearica,,SP79,H-S3-D0-2-APC-2-2_Pseudomonas_balearica
H-S3-D0-2-GN-1-1,Pseudomonas,oleovorans,,SG76,H-S3-D0-2-GN-1-1_Pseudomonas_oleovorans
H-S3-D0-2-GN-1-2,Pantoea,anthophila,,SG77,H-S3-D0-2-GN-1-2_Pantoea_anthophila
H-S3-D0-2-GN-2-1,Pseudomonas,corrugata_kilonensis,,SG78,H-S3-D0-2-GN-2-1_Pseudomonas_corrugata_kilonensis
H-S3-D0-2-GN-2-2,Pseudomonas,corrugata_kilonensis,,SG79,H-S3-D0-2-GN-2-2_Pseudomonas_corrugata_kilonensis
H-S3-D0-3-APC-1-1,Pseudomonas,baetica_jessenii,,SP80,H-S3-D0-3-APC-1-1_Pseudomonas_baetica_jessenii
H-S3-D0-3-APC-1-2,Pantoea,vagans,,SP81,H-S3-D0-3-APC-1-2_Pantoea_vagans
H-S3-D0-3-APC-2-1,Rheinheimera,perlucida,,SP82,H-S3-D0-3-APC-2-1_Rheinheimera_perlucida
H-S3-D0-3-APC-2-2,Rheinheimera,perlucida,,SP83,H-S3-D0-3-APC-2-2_Rheinheimera_perlucida
H-S3-D0-3-GN-1-1,Enterobacter_Leclercia_Lelliottia,ludwigii_adecarboxylata_nimipressuralis,,SG80,H-S3-D0-3-GN-1-1_Enterobacter_Leclercia_Lelliottia_ludwigii_adecarboxylata_nimipressuralis
H-S3-D0-3-GN-1-2,Pseudomonas,baetica_jessenii,,SG81,H-S3-D0-3-GN-1-2_Pseudomonas_baetica_jessenii
H-S3-D0-3-GN-2-1,Pseudomonas,baetica_jessenii,,SG82,H-S3-D0-3-GN-2-1_Pseudomonas_baetica_jessenii
H-S3-D0-3-GN-2-2,Pseudomonas,punonensis,,SG83,H-S3-D0-3-GN-2-2_Pseudomonas_punonensis
HD-S1-D0-1-APC-2-2,Pseudomonas,punonensis,,A03,HD-S1-D0-1-APC-2-2_Pseudomonas_punonensis
HD-S1-D0-1-GN-1-1,Pseudomonas,punonensis,,A10,HD-S1-D0-1-GN-1-1_Pseudomonas_punonensis
HD-S1-D0-1-GN-1-2,Pseudomonas,punonensis,,A04,HD-S1-D0-1-GN-1-2_Pseudomonas_punonensis
HD-S1-D0-1-GN-2-1,Pseudomonas,punonensis,,A01,HD-S1-D0-1-GN-2-1_Pseudomonas_punonensis
HD-S1-D0-1-GN-2-2,Pseudomonas,baetica_brassicacearum_cedrina_chlororaphis_jessenii_lini,,SG51,HD-S1-D0-1-GN-2-2_Pseudomonas_baetica_brassicacearum_cedrina_chlororaphis_jessenii_lini
HD-S1-D0-1-GN-2-2(1),Pantoea,vagans,,B19,HD-S1-D0-1-GN-2-2(1)_Pantoea_vagans
HD-S1-D0-1-GN-2-2(2),Pseudomonas,baetica_jessenii,,B16,HD-S1-D0-1-GN-2-2(2)_Pseudomonas_baetica_jessenii
HD-S1-D0-2-APC-1-1,Pseudomonas,punonensis,,A11,HD-S1-D0-2-APC-1-1_Pseudomonas_punonensis
HD-S1-D0-2-APC-2-1,Pseudomonas,punonensis,,A06,HD-S1-D0-2-APC-2-1_Pseudomonas_punonensis
HD-S1-D0-2-APC-2-2,Pseudomonas,punonensis,,B10,HD-S1-D0-2-APC-2-2_Pseudomonas_punonensis
HD-S1-D0-2-APC-2-2(1),Pseudomonas,punonensis,,B14,HD-S1-D0-2-APC-2-2(1)_Pseudomonas_punonensis
HD-S1-D0-2-GN-1-1,Pseudomonas,alcaliphila_composti,,A09,HD-S1-D0-2-GN-1-1_Pseudomonas_alcaliphila_composti
HD-S1-D0-2-GN-2-1,Pseudomonas,punonensis,,A02,HD-S1-D0-2-GN-2-1_Pseudomonas_punonensis
HD-S1-D0-2-GN-2-2,Pseudomonas,punonensis,,A05,HD-S1-D0-2-GN-2-2_Pseudomonas_punonensis
HD-S1-D0-3-APC-1-2,Pseudomonas,glareae,,SP51,HD-S1-D0-3-APC-1-2_Pseudomonas_glareae
HD-S1-D0-3-GN-2-2,Pantoea,agglomerans,,A14,HD-S1-D0-3-GN-2-2_Pantoea_agglomerans
HD-S1-DI-3-APC-1-2,Pseudomonas,glareae,,SP55,HD-S1-DI-3-APC-1-2_Pseudomonas_glareae
